date,product_id,sales
2022-01-01,Product_A,137.97
2022-01-02,Product_A,124.02
2022-01-03,Product_A,96.35
2022-01-04,Product_A,115.04
2022-01-05,Product_A,94.26
2022-01-06,Product_A,99.83
2022-01-07,Product_A,137.62
2022-01-08,Product_A,146.08
2022-01-09,Product_A,123.09
2022-01-10,Product_A,98.66
2022-01-11,Product_A,89.15
2022-01-12,Product_A,94.69
2022-01-13,Product_A,110.89
2022-01-14,Product_A,89.18
2022-01-15,Product_A,112.7
2022-01-16,Product_A,125.66
2022-01-17,Product_A,79.14
2022-01-18,Product_A,104.63
2022-01-19,Product_A,91.87
2022-01-20,Product_A,89.89
2022-01-21,Product_A,143.7
2022-01-22,Product_A,139.07
2022-01-23,Product_A,138.96
2022-01-24,Product_A,76.65
2022-01-25,Product_A,95.43
2022-01-26,Product_A,110.83
2022-01-27,Product_A,97.48
2022-01-28,Product_A,131.03
2022-01-29,Product_A,137.17
2022-01-30,Product_A,137.25
2022-01-31,Product_A,92.51
2022-02-01,Product_A,134.88
2022-02-02,Product_A,112.46
2022-02-03,Product_A,102.36
2022-02-04,Product_A,141.21
2022-02-05,Product_A,131.39
2022-02-06,Product_A,148.22
2022-02-07,Product_A,75.43
2022-02-08,Product_A,90.45
2022-02-09,Product_A,118.87
2022-02-10,Product_A,132.54
2022-02-11,Product_A,134.67
2022-02-12,Product_A,151.23
2022-02-13,Product_A,143.78
2022-02-14,Product_A,85.68
2022-02-15,Product_A,102.58
2022-02-16,Product_A,111.98
2022-02-17,Product_A,140.27
2022-02-18,Product_A,140.2
2022-02-19,Product_A,129.49
2022-02-20,Product_A,156.07
2022-02-21,Product_A,104.8
2022-02-22,Product_A,105.91
2022-02-23,Product_A,130.73
2022-02-24,Product_A,142.51
2022-02-25,Product_A,151.64
2022-02-26,Product_A,145.99
2022-02-27,Product_A,149.14
2022-02-28,Product_A,117.93
2022-03-01,Product_A,133.05
2022-03-02,Product_A,116.69
2022-03-03,Product_A,126.54
2022-03-04,Product_A,123.34
2022-03-05,Product_A,142.91
2022-03-06,Product_A,168.18
2022-03-07,Product_A,135.32
2022-03-08,Product_A,119.31
2022-03-09,Product_A,140.86
2022-03-10,Product_A,136.65
2022-03-11,Product_A,132.13
2022-03-12,Product_A,168.17
2022-03-13,Product_A,180.88
2022-03-14,Product_A,116.05
2022-03-15,Product_A,145.44
2022-03-16,Product_A,88.05
2022-03-17,Product_A,145.05
2022-03-18,Product_A,144.59
2022-03-19,Product_A,159.74
2022-03-20,Product_A,160.59
2022-03-21,Product_A,87.98
2022-03-22,Product_A,119.84
2022-03-23,Product_A,133.82
2022-03-24,Product_A,155.97
2022-03-25,Product_A,136.56
2022-03-26,Product_A,153.16
2022-03-27,Product_A,152.66
2022-03-28,Product_A,132.31
2022-03-29,Product_A,128.8
2022-03-30,Product_A,121.21
2022-03-31,Product_A,142.14
2022-04-01,Product_A,146.41
2022-04-02,Product_A,180.44
2022-04-03,Product_A,150.21
2022-04-04,Product_A,114.0
2022-04-05,Product_A,118.29
2022-04-06,Product_A,107.46
2022-04-07,Product_A,139.09
2022-04-08,Product_A,149.05
2022-04-09,Product_A,166.18
2022-04-10,Product_A,157.33
2022-04-11,Product_A,97.6
2022-04-12,Product_A,117.72
2022-04-13,Product_A,124.09
2022-04-14,Product_A,122.4
2022-04-15,Product_A,142.46
2022-04-16,Product_A,171.92
2022-04-17,Product_A,188.82
2022-04-18,Product_A,120.93
2022-04-19,Product_A,127.33
2022-04-20,Product_A,127.51
2022-04-21,Product_A,105.0
2022-04-22,Product_A,143.81
2022-04-23,Product_A,166.11
2022-04-24,Product_A,196.74
2022-04-25,Product_A,114.49
2022-04-26,Product_A,127.02
2022-04-27,Product_A,127.09
2022-04-28,Product_A,115.2
2022-04-29,Product_A,160.27
2022-04-30,Product_A,175.41
2022-05-01,Product_A,170.52
2022-05-02,Product_A,102.4
2022-05-03,Product_A,142.16
2022-05-04,Product_A,105.17
2022-05-05,Product_A,140.08
2022-05-06,Product_A,174.52
2022-05-07,Product_A,147.83
2022-05-08,Product_A,148.64
2022-05-09,Product_A,115.82
2022-05-10,Product_A,111.82
2022-05-11,Product_A,101.16
2022-05-12,Product_A,130.5
2022-05-13,Product_A,123.91
2022-05-14,Product_A,167.99
2022-05-15,Product_A,141.47
2022-05-16,Product_A,135.52
2022-05-17,Product_A,105.54
2022-05-18,Product_A,117.48
2022-05-19,Product_A,139.53
2022-05-20,Product_A,119.22
2022-05-21,Product_A,162.17
2022-05-22,Product_A,172.68
2022-05-23,Product_A,85.79
2022-05-24,Product_A,117.66
2022-05-25,Product_A,123.79
2022-05-26,Product_A,136.61
2022-05-27,Product_A,116.69
2022-05-28,Product_A,136.54
2022-05-29,Product_A,158.44
2022-05-30,Product_A,111.71
2022-05-31,Product_A,115.99
2022-06-01,Product_A,122.41
2022-06-02,Product_A,111.99
2022-06-03,Product_A,136.03
2022-06-04,Product_A,158.08
2022-06-05,Product_A,137.19
2022-06-06,Product_A,132.37
2022-06-07,Product_A,116.45
2022-06-08,Product_A,96.44
2022-06-09,Product_A,129.13
2022-06-10,Product_A,115.03
2022-06-11,Product_A,162.64
2022-06-12,Product_A,162.39
2022-06-13,Product_A,89.01
2022-06-14,Product_A,120.73
2022-06-15,Product_A,117.44
2022-06-16,Product_A,128.54
2022-06-17,Product_A,155.05
2022-06-18,Product_A,144.15
2022-06-19,Product_A,130.66
2022-06-20,Product_A,84.78
2022-06-21,Product_A,90.85
2022-06-22,Product_A,106.9
2022-06-23,Product_A,118.14
2022-06-24,Product_A,127.58
2022-06-25,Product_A,157.13
2022-06-26,Product_A,139.03
2022-06-27,Product_A,116.65
2022-06-28,Product_A,95.85
2022-06-29,Product_A,145.6
2022-06-30,Product_A,119.16
2022-07-01,Product_A,107.36
2022-07-02,Product_A,125.51
2022-07-03,Product_A,142.9
2022-07-04,Product_A,88.18
2022-07-05,Product_A,107.23
2022-07-06,Product_A,108.61
2022-07-07,Product_A,105.42
2022-07-08,Product_A,104.29
2022-07-09,Product_A,115.7
2022-07-10,Product_A,125.8
2022-07-11,Product_A,101.08
2022-07-12,Product_A,96.46
2022-07-13,Product_A,79.58
2022-07-14,Product_A,105.89
2022-07-15,Product_A,119.6
2022-07-16,Product_A,122.07
2022-07-17,Product_A,131.71
2022-07-18,Product_A,85.88
2022-07-19,Product_A,72.91
2022-07-20,Product_A,100.47
2022-07-21,Product_A,108.58
2022-07-22,Product_A,126.99
2022-07-23,Product_A,148.15
2022-07-24,Product_A,105.75
2022-07-25,Product_A,67.84
2022-07-26,Product_A,94.71
2022-07-27,Product_A,99.79
2022-07-28,Product_A,104.91
2022-07-29,Product_A,165.61
2022-07-30,Product_A,138.08
2022-07-31,Product_A,140.63
2022-08-01,Product_A,93.28
2022-08-02,Product_A,93.87
2022-08-03,Product_A,84.51
2022-08-04,Product_A,105.78
2022-08-05,Product_A,93.5
2022-08-06,Product_A,123.34
2022-08-07,Product_A,113.71
2022-08-08,Product_A,77.49
2022-08-09,Product_A,116.16
2022-08-10,Product_A,58.63
2022-08-11,Product_A,102.13
2022-08-12,Product_A,78.42
2022-08-13,Product_A,117.44
2022-08-14,Product_A,134.97
2022-08-15,Product_A,74.77
2022-08-16,Product_A,62.88
2022-08-17,Product_A,73.57
2022-08-18,Product_A,99.76
2022-08-19,Product_A,89.46
2022-08-20,Product_A,125.68
2022-08-21,Product_A,117.27
2022-08-22,Product_A,61.88
2022-08-23,Product_A,109.12
2022-08-24,Product_A,91.79
2022-08-25,Product_A,57.23
2022-08-26,Product_A,101.34
2022-08-27,Product_A,110.75
2022-08-28,Product_A,127.65
2022-08-29,Product_A,57.95
2022-08-30,Product_A,73.49
2022-08-31,Product_A,88.18
2022-09-01,Product_A,98.99
2022-09-02,Product_A,79.02
2022-09-03,Product_A,114.27
2022-09-04,Product_A,106.38
2022-09-05,Product_A,58.6
2022-09-06,Product_A,100.32
2022-09-07,Product_A,85.37
2022-09-08,Product_A,65.86
2022-09-09,Product_A,109.65
2022-09-10,Product_A,150.11
2022-09-11,Product_A,128.02
2022-09-12,Product_A,44.55
2022-09-13,Product_A,65.6
2022-09-14,Product_A,97.4
2022-09-15,Product_A,73.33
2022-09-16,Product_A,101.81
2022-09-17,Product_A,129.29
2022-09-18,Product_A,98.07
2022-09-19,Product_A,65.81
2022-09-20,Product_A,23.68
2022-09-21,Product_A,62.55
2022-09-22,Product_A,79.75
2022-09-23,Product_A,76.12
2022-09-24,Product_A,141.98
2022-09-25,Product_A,90.38
2022-09-26,Product_A,59.89
2022-09-27,Product_A,74.13
2022-09-28,Product_A,99.48
2022-09-29,Product_A,62.03
2022-09-30,Product_A,112.41
2022-10-01,Product_A,117.9
2022-10-02,Product_A,97.41
2022-10-03,Product_A,73.64
2022-10-04,Product_A,75.45
2022-10-05,Product_A,69.23
2022-10-06,Product_A,85.07
2022-10-07,Product_A,89.74
2022-10-08,Product_A,120.14
2022-10-09,Product_A,122.8
2022-10-10,Product_A,91.15
2022-10-11,Product_A,54.63
2022-10-12,Product_A,111.05
2022-10-13,Product_A,55.63
2022-10-14,Product_A,94.23
2022-10-15,Product_A,128.38
2022-10-16,Product_A,118.24
2022-10-17,Product_A,59.11
2022-10-18,Product_A,71.24
2022-10-19,Product_A,72.9
2022-10-20,Product_A,77.39
2022-10-21,Product_A,110.66
2022-10-22,Product_A,126.45
2022-10-23,Product_A,105.22
2022-10-24,Product_A,83.44
2022-10-25,Product_A,80.55
2022-10-26,Product_A,94.14
2022-10-27,Product_A,97.41
2022-10-28,Product_A,87.31
2022-10-29,Product_A,114.64
2022-10-30,Product_A,128.81
2022-10-31,Product_A,81.01
2022-11-01,Product_A,77.6
2022-11-02,Product_A,85.75
2022-11-03,Product_A,109.25
2022-11-04,Product_A,93.08
2022-11-05,Product_A,133.58
2022-11-06,Product_A,116.93
2022-11-07,Product_A,70.87
2022-11-08,Product_A,96.75
2022-11-09,Product_A,98.79
2022-11-10,Product_A,104.77
2022-11-11,Product_A,124.1
2022-11-12,Product_A,128.38
2022-11-13,Product_A,132.92
2022-11-14,Product_A,72.11
2022-11-15,Product_A,87.82
2022-11-16,Product_A,87.22
2022-11-17,Product_A,96.84
2022-11-18,Product_A,116.35
2022-11-19,Product_A,118.81
2022-11-20,Product_A,157.11
2022-11-21,Product_A,64.62
2022-11-22,Product_A,67.75
2022-11-23,Product_A,109.6
2022-11-24,Product_A,110.38
2022-11-25,Product_A,119.98
2022-11-26,Product_A,143.81
2022-11-27,Product_A,128.87
2022-11-28,Product_A,69.47
2022-11-29,Product_A,90.37
2022-11-30,Product_A,85.4
2022-12-01,Product_A,136.51
2022-12-02,Product_A,131.86
2022-12-03,Product_A,145.55
2022-12-04,Product_A,147.79
2022-12-05,Product_A,112.58
2022-12-06,Product_A,104.28
2022-12-07,Product_A,106.77
2022-12-08,Product_A,129.14
2022-12-09,Product_A,141.39
2022-12-10,Product_A,154.08
2022-12-11,Product_A,149.31
2022-12-12,Product_A,113.51
2022-12-13,Product_A,94.7
2022-12-14,Product_A,101.72
2022-12-15,Product_A,118.46
2022-12-16,Product_A,138.33
2022-12-17,Product_A,170.25
2022-12-18,Product_A,182.41
2022-12-19,Product_A,126.67
2022-12-20,Product_A,117.84
2022-12-21,Product_A,126.39
2022-12-22,Product_A,118.08
2022-12-23,Product_A,145.18
2022-12-24,Product_A,165.27
2022-12-25,Product_A,169.12
2022-12-26,Product_A,105.27
2022-12-27,Product_A,131.93
2022-12-28,Product_A,153.59
2022-12-29,Product_A,135.44
2022-12-30,Product_A,155.47
2022-12-31,Product_A,184.01
2023-01-01,Product_A,142.31
2023-01-02,Product_A,104.95
2023-01-03,Product_A,108.25
2023-01-04,Product_A,116.01
2023-01-05,Product_A,109.43
2023-01-06,Product_A,133.81
2023-01-07,Product_A,165.19
2023-01-08,Product_A,174.14
2023-01-09,Product_A,119.87
2023-01-10,Product_A,144.27
2023-01-11,Product_A,106.95
2023-01-12,Product_A,138.04
2023-01-13,Product_A,140.14
2023-01-14,Product_A,194.58
2023-01-15,Product_A,144.22
2023-01-16,Product_A,96.71
2023-01-17,Product_A,106.81
2023-01-18,Product_A,90.43
2023-01-19,Product_A,120.9
2023-01-20,Product_A,129.86
2023-01-21,Product_A,167.89
2023-01-22,Product_A,165.34
2023-01-23,Product_A,141.16
2023-01-24,Product_A,133.76
2023-01-25,Product_A,117.34
2023-01-26,Product_A,119.01
2023-01-27,Product_A,152.33
2023-01-28,Product_A,149.58
2023-01-29,Product_A,191.4
2023-01-30,Product_A,134.25
2023-01-31,Product_A,116.0
2023-02-01,Product_A,103.82
2023-02-02,Product_A,156.3
2023-02-03,Product_A,146.74
2023-02-04,Product_A,191.5
2023-02-05,Product_A,143.51
2023-02-06,Product_A,110.89
2023-02-07,Product_A,126.42
2023-02-08,Product_A,133.51
2023-02-09,Product_A,132.51
2023-02-10,Product_A,161.08
2023-02-11,Product_A,160.22
2023-02-12,Product_A,168.54
2023-02-13,Product_A,124.76
2023-02-14,Product_A,137.11
2023-02-15,Product_A,146.5
2023-02-16,Product_A,125.39
2023-02-17,Product_A,131.71
2023-02-18,Product_A,198.42
2023-02-19,Product_A,178.61
2023-02-20,Product_A,114.49
2023-02-21,Product_A,155.4
2023-02-22,Product_A,140.27
2023-02-23,Product_A,162.63
2023-02-24,Product_A,158.4
2023-02-25,Product_A,212.86
2023-02-26,Product_A,202.58
2023-02-27,Product_A,124.42
2023-02-28,Product_A,149.1
2023-03-01,Product_A,150.58
2023-03-02,Product_A,167.8
2023-03-03,Product_A,145.23
2023-03-04,Product_A,194.57
2023-03-05,Product_A,194.39
2023-03-06,Product_A,103.84
2023-03-07,Product_A,118.81
2023-03-08,Product_A,112.31
2023-03-09,Product_A,145.19
2023-03-10,Product_A,172.4
2023-03-11,Product_A,208.76
2023-03-12,Product_A,181.49
2023-03-13,Product_A,156.33
2023-03-14,Product_A,117.5
2023-03-15,Product_A,118.94
2023-03-16,Product_A,149.95
2023-03-17,Product_A,168.93
2023-03-18,Product_A,187.28
2023-03-19,Product_A,150.84
2023-03-20,Product_A,131.83
2023-03-21,Product_A,119.85
2023-03-22,Product_A,155.72
2023-03-23,Product_A,157.42
2023-03-24,Product_A,150.18
2023-03-25,Product_A,181.18
2023-03-26,Product_A,167.0
2023-03-27,Product_A,133.06
2023-03-28,Product_A,154.54
2023-03-29,Product_A,131.64
2023-03-30,Product_A,160.19
2023-03-31,Product_A,157.01
2023-04-01,Product_A,177.68
2023-04-02,Product_A,181.89
2023-04-03,Product_A,118.88
2023-04-04,Product_A,132.27
2023-04-05,Product_A,128.77
2023-04-06,Product_A,182.37
2023-04-07,Product_A,165.74
2023-04-08,Product_A,179.33
2023-04-09,Product_A,186.88
2023-04-10,Product_A,132.7
2023-04-11,Product_A,137.19
2023-04-12,Product_A,155.84
2023-04-13,Product_A,164.1
2023-04-14,Product_A,157.06
2023-04-15,Product_A,181.01
2023-04-16,Product_A,179.29
2023-04-17,Product_A,99.39
2023-04-18,Product_A,117.27
2023-04-19,Product_A,166.58
2023-04-20,Product_A,176.83
2023-04-21,Product_A,160.67
2023-04-22,Product_A,197.69
2023-04-23,Product_A,187.4
2023-04-24,Product_A,179.23
2023-04-25,Product_A,155.88
2023-04-26,Product_A,143.2
2023-04-27,Product_A,136.82
2023-04-28,Product_A,139.29
2023-04-29,Product_A,191.09
2023-04-30,Product_A,170.31
2023-05-01,Product_A,110.43
2023-05-02,Product_A,128.07
2023-05-03,Product_A,127.54
2023-05-04,Product_A,175.06
2023-05-05,Product_A,175.2
2023-05-06,Product_A,186.52
2023-05-07,Product_A,202.38
2023-05-08,Product_A,131.26
2023-05-09,Product_A,123.15
2023-05-10,Product_A,164.88
2023-05-11,Product_A,156.08
2023-05-12,Product_A,144.64
2023-05-13,Product_A,182.03
2023-05-14,Product_A,165.23
2023-05-15,Product_A,107.35
2023-05-16,Product_A,147.92
2023-05-17,Product_A,168.61
2023-05-18,Product_A,124.92
2023-05-19,Product_A,166.53
2023-05-20,Product_A,173.04
2023-05-21,Product_A,168.91
2023-05-22,Product_A,116.88
2023-05-23,Product_A,118.72
2023-05-24,Product_A,138.32
2023-05-25,Product_A,131.03
2023-05-26,Product_A,159.74
2023-05-27,Product_A,179.67
2023-05-28,Product_A,170.2
2023-05-29,Product_A,109.55
2023-05-30,Product_A,120.4
2023-05-31,Product_A,146.28
2023-06-01,Product_A,148.35
2023-06-02,Product_A,138.36
2023-06-03,Product_A,179.29
2023-06-04,Product_A,182.39
2023-06-05,Product_A,95.27
2023-06-06,Product_A,134.35
2023-06-07,Product_A,122.14
2023-06-08,Product_A,146.52
2023-06-09,Product_A,138.7
2023-06-10,Product_A,147.9
2023-06-11,Product_A,143.83
2023-06-12,Product_A,118.0
2023-06-13,Product_A,127.05
2023-06-14,Product_A,115.46
2023-06-15,Product_A,144.49
2023-06-16,Product_A,122.19
2023-06-17,Product_A,171.0
2023-06-18,Product_A,147.06
2023-06-19,Product_A,104.32
2023-06-20,Product_A,120.69
2023-06-21,Product_A,112.95
2023-06-22,Product_A,125.97
2023-06-23,Product_A,159.06
2023-06-24,Product_A,160.24
2023-06-25,Product_A,174.64
2023-06-26,Product_A,93.88
2023-06-27,Product_A,124.66
2023-06-28,Product_A,144.22
2023-06-29,Product_A,91.42
2023-06-30,Product_A,128.8
2023-07-01,Product_A,174.4
2023-07-02,Product_A,155.88
2023-07-03,Product_A,113.08
2023-07-04,Product_A,104.35
2023-07-05,Product_A,120.62
2023-07-06,Product_A,122.89
2023-07-07,Product_A,155.04
2023-07-08,Product_A,166.41
2023-07-09,Product_A,160.83
2023-07-10,Product_A,98.04
2023-07-11,Product_A,102.82
2023-07-12,Product_A,109.58
2023-07-13,Product_A,127.92
2023-07-14,Product_A,128.02
2023-07-15,Product_A,163.84
2023-07-16,Product_A,183.78
2023-07-17,Product_A,114.04
2023-07-18,Product_A,102.04
2023-07-19,Product_A,130.91
2023-07-20,Product_A,112.74
2023-07-21,Product_A,100.68
2023-07-22,Product_A,141.37
2023-07-23,Product_A,121.59
2023-07-24,Product_A,92.58
2023-07-25,Product_A,104.12
2023-07-26,Product_A,134.99
2023-07-27,Product_A,120.75
2023-07-28,Product_A,125.01
2023-07-29,Product_A,166.07
2023-07-30,Product_A,113.64
2023-07-31,Product_A,98.43
2023-08-01,Product_A,112.49
2023-08-02,Product_A,84.79
2023-08-03,Product_A,130.18
2023-08-04,Product_A,130.62
2023-08-05,Product_A,144.75
2023-08-06,Product_A,153.65
2023-08-07,Product_A,126.2
2023-08-08,Product_A,100.96
2023-08-09,Product_A,108.05
2023-08-10,Product_A,103.55
2023-08-11,Product_A,110.28
2023-08-12,Product_A,161.02
2023-08-13,Product_A,128.93
2023-08-14,Product_A,90.73
2023-08-15,Product_A,88.63
2023-08-16,Product_A,109.14
2023-08-17,Product_A,113.12
2023-08-18,Product_A,136.35
2023-08-19,Product_A,138.79
2023-08-20,Product_A,135.62
2023-08-21,Product_A,72.77
2023-08-22,Product_A,87.0
2023-08-23,Product_A,105.54
2023-08-24,Product_A,117.47
2023-08-25,Product_A,105.03
2023-08-26,Product_A,157.68
2023-08-27,Product_A,158.23
2023-08-28,Product_A,91.79
2023-08-29,Product_A,120.02
2023-08-30,Product_A,86.55
2023-08-31,Product_A,85.79
2023-09-01,Product_A,90.61
2023-09-02,Product_A,165.63
2023-09-03,Product_A,146.3
2023-09-04,Product_A,83.26
2023-09-05,Product_A,94.64
2023-09-06,Product_A,79.92
2023-09-07,Product_A,139.86
2023-09-08,Product_A,118.03
2023-09-09,Product_A,143.76
2023-09-10,Product_A,146.34
2023-09-11,Product_A,90.2
2023-09-12,Product_A,92.76
2023-09-13,Product_A,83.98
2023-09-14,Product_A,109.36
2023-09-15,Product_A,143.54
2023-09-16,Product_A,161.64
2023-09-17,Product_A,158.73
2023-09-18,Product_A,74.61
2023-09-19,Product_A,73.94
2023-09-20,Product_A,93.41
2023-09-21,Product_A,102.66
2023-09-22,Product_A,131.35
2023-09-23,Product_A,115.83
2023-09-24,Product_A,157.58
2023-09-25,Product_A,79.64
2023-09-26,Product_A,82.18
2023-09-27,Product_A,80.0
2023-09-28,Product_A,76.96
2023-09-29,Product_A,127.34
2023-09-30,Product_A,142.51
2023-10-01,Product_A,115.53
2023-10-02,Product_A,62.74
2023-10-03,Product_A,83.79
2023-10-04,Product_A,120.53
2023-10-05,Product_A,98.29
2023-10-06,Product_A,92.94
2023-10-07,Product_A,138.35
2023-10-08,Product_A,131.45
2023-10-09,Product_A,42.3
2023-10-10,Product_A,88.68
2023-10-11,Product_A,92.78
2023-10-12,Product_A,113.45
2023-10-13,Product_A,144.15
2023-10-14,Product_A,159.99
2023-10-15,Product_A,132.61
2023-10-16,Product_A,67.18
2023-10-17,Product_A,129.2
2023-10-18,Product_A,98.31
2023-10-19,Product_A,104.48
2023-10-20,Product_A,117.41
2023-10-21,Product_A,147.55
2023-10-22,Product_A,136.01
2023-10-23,Product_A,76.62
2023-10-24,Product_A,83.91
2023-10-25,Product_A,98.53
2023-10-26,Product_A,97.79
2023-10-27,Product_A,108.84
2023-10-28,Product_A,148.06
2023-10-29,Product_A,136.28
2023-10-30,Product_A,109.63
2023-10-31,Product_A,54.27
2023-11-01,Product_A,117.39
2023-11-02,Product_A,126.7
2023-11-03,Product_A,90.59
2023-11-04,Product_A,143.6
2023-11-05,Product_A,136.85
2023-11-06,Product_A,68.19
2023-11-07,Product_A,84.67
2023-11-08,Product_A,86.72
2023-11-09,Product_A,136.73
2023-11-10,Product_A,138.24
2023-11-11,Product_A,170.46
2023-11-12,Product_A,155.92
2023-11-13,Product_A,74.94
2023-11-14,Product_A,91.11
2023-11-15,Product_A,113.43
2023-11-16,Product_A,94.88
2023-11-17,Product_A,137.76
2023-11-18,Product_A,150.75
2023-11-19,Product_A,142.47
2023-11-20,Product_A,105.45
2023-11-21,Product_A,108.61
2023-11-22,Product_A,103.7
2023-11-23,Product_A,133.69
2023-11-24,Product_A,114.0
2023-11-25,Product_A,166.86
2023-11-26,Product_A,160.27
2023-11-27,Product_A,93.32
2023-11-28,Product_A,110.07
2023-11-29,Product_A,93.64
2023-11-30,Product_A,133.5
2023-12-01,Product_A,150.86
2023-12-02,Product_A,173.3
2023-12-03,Product_A,190.64
2023-12-04,Product_A,110.82
2023-12-05,Product_A,107.52
2023-12-06,Product_A,112.57
2023-12-07,Product_A,152.3
2023-12-08,Product_A,138.05
2023-12-09,Product_A,211.19
2023-12-10,Product_A,147.41
2023-12-11,Product_A,150.45
2023-12-12,Product_A,135.48
2023-12-13,Product_A,138.17
2023-12-14,Product_A,138.77
2023-12-15,Product_A,167.04
2023-12-16,Product_A,188.18
2023-12-17,Product_A,199.08
2023-12-18,Product_A,130.49
2023-12-19,Product_A,138.37
2023-12-20,Product_A,138.0
2023-12-21,Product_A,149.96
2023-12-22,Product_A,169.59
2023-12-23,Product_A,167.09
2023-12-24,Product_A,166.3
2023-12-25,Product_A,143.78
2023-12-26,Product_A,142.56
2023-12-27,Product_A,144.61
2023-12-28,Product_A,155.03
2023-12-29,Product_A,174.17
2023-12-30,Product_A,188.71
2023-12-31,Product_A,178.89
2022-01-01,Product_B,80.82
2022-01-02,Product_B,67.06
2022-01-03,Product_B,57.83
2022-01-04,Product_B,40.68
2022-01-05,Product_B,71.97
2022-01-06,Product_B,70.38
2022-01-07,Product_B,75.23
2022-01-08,Product_B,95.6
2022-01-09,Product_B,100.37
2022-01-10,Product_B,70.47
2022-01-11,Product_B,45.9
2022-01-12,Product_B,55.5
2022-01-13,Product_B,66.05
2022-01-14,Product_B,79.62
2022-01-15,Product_B,97.76
2022-01-16,Product_B,83.22
2022-01-17,Product_B,68.65
2022-01-18,Product_B,63.22
2022-01-19,Product_B,68.66
2022-01-20,Product_B,64.71
2022-01-21,Product_B,76.65
2022-01-22,Product_B,85.7
2022-01-23,Product_B,87.27
2022-01-24,Product_B,83.57
2022-01-25,Product_B,67.53
2022-01-26,Product_B,107.34
2022-01-27,Product_B,89.94
2022-01-28,Product_B,94.0
2022-01-29,Product_B,96.99
2022-01-30,Product_B,110.32
2022-01-31,Product_B,73.23
2022-02-01,Product_B,84.18
2022-02-02,Product_B,112.54
2022-02-03,Product_B,89.96
2022-02-04,Product_B,109.57
2022-02-05,Product_B,104.56
2022-02-06,Product_B,108.89
2022-02-07,Product_B,102.28
2022-02-08,Product_B,82.25
2022-02-09,Product_B,110.6
2022-02-10,Product_B,103.51
2022-02-11,Product_B,97.97
2022-02-12,Product_B,123.51
2022-02-13,Product_B,124.45
2022-02-14,Product_B,95.93
2022-02-15,Product_B,77.93
2022-02-16,Product_B,90.28
2022-02-17,Product_B,99.0
2022-02-18,Product_B,107.88
2022-02-19,Product_B,128.49
2022-02-20,Product_B,121.5
2022-02-21,Product_B,81.0
2022-02-22,Product_B,102.03
2022-02-23,Product_B,108.21
2022-02-24,Product_B,111.57
2022-02-25,Product_B,123.93
2022-02-26,Product_B,135.18
2022-02-27,Product_B,128.75
2022-02-28,Product_B,97.72
2022-03-01,Product_B,85.64
2022-03-02,Product_B,110.37
2022-03-03,Product_B,111.97
2022-03-04,Product_B,119.74
2022-03-05,Product_B,118.02
2022-03-06,Product_B,117.17
2022-03-07,Product_B,112.41
2022-03-08,Product_B,105.25
2022-03-09,Product_B,116.23
2022-03-10,Product_B,113.46
2022-03-11,Product_B,120.58
2022-03-12,Product_B,143.48
2022-03-13,Product_B,125.99
2022-03-14,Product_B,105.63
2022-03-15,Product_B,103.76
2022-03-16,Product_B,107.74
2022-03-17,Product_B,112.7
2022-03-18,Product_B,125.08
2022-03-19,Product_B,131.93
2022-03-20,Product_B,146.2
2022-03-21,Product_B,97.83
2022-03-22,Product_B,108.55
2022-03-23,Product_B,109.67
2022-03-24,Product_B,132.17
2022-03-25,Product_B,126.71
2022-03-26,Product_B,148.95
2022-03-27,Product_B,120.57
2022-03-28,Product_B,110.85
2022-03-29,Product_B,120.65
2022-03-30,Product_B,116.15
2022-03-31,Product_B,129.54
2022-04-01,Product_B,120.73
2022-04-02,Product_B,153.92
2022-04-03,Product_B,159.47
2022-04-04,Product_B,105.22
2022-04-05,Product_B,107.9
2022-04-06,Product_B,130.39
2022-04-07,Product_B,135.15
2022-04-08,Product_B,121.1
2022-04-09,Product_B,136.09
2022-04-10,Product_B,133.99
2022-04-11,Product_B,95.35
2022-04-12,Product_B,103.05
2022-04-13,Product_B,105.63
2022-04-14,Product_B,111.42
2022-04-15,Product_B,125.7
2022-04-16,Product_B,142.39
2022-04-17,Product_B,151.93
2022-04-18,Product_B,98.05
2022-04-19,Product_B,121.25
2022-04-20,Product_B,112.63
2022-04-21,Product_B,117.64
2022-04-22,Product_B,131.8
2022-04-23,Product_B,127.87
2022-04-24,Product_B,139.16
2022-04-25,Product_B,108.23
2022-04-26,Product_B,114.8
2022-04-27,Product_B,116.08
2022-04-28,Product_B,141.04
2022-04-29,Product_B,117.01
2022-04-30,Product_B,132.16
2022-05-01,Product_B,127.35
2022-05-02,Product_B,98.89
2022-05-03,Product_B,101.32
2022-05-04,Product_B,122.84
2022-05-05,Product_B,128.4
2022-05-06,Product_B,115.36
2022-05-07,Product_B,126.88
2022-05-08,Product_B,135.91
2022-05-09,Product_B,96.17
2022-05-10,Product_B,111.22
2022-05-11,Product_B,110.12
2022-05-12,Product_B,96.14
2022-05-13,Product_B,133.63
2022-05-14,Product_B,150.31
2022-05-15,Product_B,122.1
2022-05-16,Product_B,94.48
2022-05-17,Product_B,104.38
2022-05-18,Product_B,108.02
2022-05-19,Product_B,114.42
2022-05-20,Product_B,134.8
2022-05-21,Product_B,127.19
2022-05-22,Product_B,116.74
2022-05-23,Product_B,80.71
2022-05-24,Product_B,90.32
2022-05-25,Product_B,100.43
2022-05-26,Product_B,121.83
2022-05-27,Product_B,105.57
2022-05-28,Product_B,127.33
2022-05-29,Product_B,120.6
2022-05-30,Product_B,102.09
2022-05-31,Product_B,118.57
2022-06-01,Product_B,91.1
2022-06-02,Product_B,94.62
2022-06-03,Product_B,116.83
2022-06-04,Product_B,127.63
2022-06-05,Product_B,134.87
2022-06-06,Product_B,91.35
2022-06-07,Product_B,85.0
2022-06-08,Product_B,97.6
2022-06-09,Product_B,105.87
2022-06-10,Product_B,109.89
2022-06-11,Product_B,121.28
2022-06-12,Product_B,122.39
2022-06-13,Product_B,92.2
2022-06-14,Product_B,97.42
2022-06-15,Product_B,93.17
2022-06-16,Product_B,88.11
2022-06-17,Product_B,98.19
2022-06-18,Product_B,123.42
2022-06-19,Product_B,98.63
2022-06-20,Product_B,78.97
2022-06-21,Product_B,74.44
2022-06-22,Product_B,81.77
2022-06-23,Product_B,97.37
2022-06-24,Product_B,93.49
2022-06-25,Product_B,106.8
2022-06-26,Product_B,88.13
2022-06-27,Product_B,77.38
2022-06-28,Product_B,79.49
2022-06-29,Product_B,97.79
2022-06-30,Product_B,76.21
2022-07-01,Product_B,88.53
2022-07-02,Product_B,103.72
2022-07-03,Product_B,112.36
2022-07-04,Product_B,63.54
2022-07-05,Product_B,70.43
2022-07-06,Product_B,76.88
2022-07-07,Product_B,75.84
2022-07-08,Product_B,76.63
2022-07-09,Product_B,98.07
2022-07-10,Product_B,102.2
2022-07-11,Product_B,48.83
2022-07-12,Product_B,63.62
2022-07-13,Product_B,58.5
2022-07-14,Product_B,80.67
2022-07-15,Product_B,60.7
2022-07-16,Product_B,85.54
2022-07-17,Product_B,90.21
2022-07-18,Product_B,69.47
2022-07-19,Product_B,56.42
2022-07-20,Product_B,54.79
2022-07-21,Product_B,82.44
2022-07-22,Product_B,56.46
2022-07-23,Product_B,64.32
2022-07-24,Product_B,86.01
2022-07-25,Product_B,43.72
2022-07-26,Product_B,41.86
2022-07-27,Product_B,62.5
2022-07-28,Product_B,61.21
2022-07-29,Product_B,60.55
2022-07-30,Product_B,68.94
2022-07-31,Product_B,85.79
2022-08-01,Product_B,50.46
2022-08-02,Product_B,46.38
2022-08-03,Product_B,69.26
2022-08-04,Product_B,43.54
2022-08-05,Product_B,46.53
2022-08-06,Product_B,70.6
2022-08-07,Product_B,72.4
2022-08-08,Product_B,41.97
2022-08-09,Product_B,40.62
2022-08-10,Product_B,50.08
2022-08-11,Product_B,37.58
2022-08-12,Product_B,72.21
2022-08-13,Product_B,72.9
2022-08-14,Product_B,80.26
2022-08-15,Product_B,38.97
2022-08-16,Product_B,43.72
2022-08-17,Product_B,48.47
2022-08-18,Product_B,50.9
2022-08-19,Product_B,60.67
2022-08-20,Product_B,83.69
2022-08-21,Product_B,67.77
2022-08-22,Product_B,39.15
2022-08-23,Product_B,34.88
2022-08-24,Product_B,53.92
2022-08-25,Product_B,36.51
2022-08-26,Product_B,69.25
2022-08-27,Product_B,67.22
2022-08-28,Product_B,48.77
2022-08-29,Product_B,30.42
2022-08-30,Product_B,26.16
2022-08-31,Product_B,45.24
2022-09-01,Product_B,34.19
2022-09-02,Product_B,44.38
2022-09-03,Product_B,46.55
2022-09-04,Product_B,56.43
2022-09-05,Product_B,2.59
2022-09-06,Product_B,14.95
2022-09-07,Product_B,42.38
2022-09-08,Product_B,46.64
2022-09-09,Product_B,51.33
2022-09-10,Product_B,54.25
2022-09-11,Product_B,59.01
2022-09-12,Product_B,25.14
2022-09-13,Product_B,17.68
2022-09-14,Product_B,48.42
2022-09-15,Product_B,46.3
2022-09-16,Product_B,43.77
2022-09-17,Product_B,63.33
2022-09-18,Product_B,60.78
2022-09-19,Product_B,3.79
2022-09-20,Product_B,25.96
2022-09-21,Product_B,25.87
2022-09-22,Product_B,26.95
2022-09-23,Product_B,42.78
2022-09-24,Product_B,80.89
2022-09-25,Product_B,65.03
2022-09-26,Product_B,18.24
2022-09-27,Product_B,34.04
2022-09-28,Product_B,46.7
2022-09-29,Product_B,46.37
2022-09-30,Product_B,46.52
2022-10-01,Product_B,57.02
2022-10-02,Product_B,66.24
2022-10-03,Product_B,28.35
2022-10-04,Product_B,37.87
2022-10-05,Product_B,39.8
2022-10-06,Product_B,48.5
2022-10-07,Product_B,41.63
2022-10-08,Product_B,77.96
2022-10-09,Product_B,62.6
2022-10-10,Product_B,46.36
2022-10-11,Product_B,23.35
2022-10-12,Product_B,52.27
2022-10-13,Product_B,41.59
2022-10-14,Product_B,42.24
2022-10-15,Product_B,61.97
2022-10-16,Product_B,59.51
2022-10-17,Product_B,31.75
2022-10-18,Product_B,37.52
2022-10-19,Product_B,31.36
2022-10-20,Product_B,41.68
2022-10-21,Product_B,72.66
2022-10-22,Product_B,86.8
2022-10-23,Product_B,69.86
2022-10-24,Product_B,30.49
2022-10-25,Product_B,36.22
2022-10-26,Product_B,46.09
2022-10-27,Product_B,34.69
2022-10-28,Product_B,51.83
2022-10-29,Product_B,56.24
2022-10-30,Product_B,72.95
2022-10-31,Product_B,39.85
2022-11-01,Product_B,33.59
2022-11-02,Product_B,59.22
2022-11-03,Product_B,36.31
2022-11-04,Product_B,43.57
2022-11-05,Product_B,79.21
2022-11-06,Product_B,83.52
2022-11-07,Product_B,54.12
2022-11-08,Product_B,37.85
2022-11-09,Product_B,58.41
2022-11-10,Product_B,52.44
2022-11-11,Product_B,60.9
2022-11-12,Product_B,90.44
2022-11-13,Product_B,84.25
2022-11-14,Product_B,26.0
2022-11-15,Product_B,61.8
2022-11-16,Product_B,66.13
2022-11-17,Product_B,51.39
2022-11-18,Product_B,71.55
2022-11-19,Product_B,91.72
2022-11-20,Product_B,85.55
2022-11-21,Product_B,41.27
2022-11-22,Product_B,45.43
2022-11-23,Product_B,57.29
2022-11-24,Product_B,74.69
2022-11-25,Product_B,78.48
2022-11-26,Product_B,88.73
2022-11-27,Product_B,96.35
2022-11-28,Product_B,23.75
2022-11-29,Product_B,69.2
2022-11-30,Product_B,45.8
2022-12-01,Product_B,85.09
2022-12-02,Product_B,87.72
2022-12-03,Product_B,105.56
2022-12-04,Product_B,126.32
2022-12-05,Product_B,73.41
2022-12-06,Product_B,87.12
2022-12-07,Product_B,88.76
2022-12-08,Product_B,99.59
2022-12-09,Product_B,105.9
2022-12-10,Product_B,112.08
2022-12-11,Product_B,131.09
2022-12-12,Product_B,79.32
2022-12-13,Product_B,74.33
2022-12-14,Product_B,91.26
2022-12-15,Product_B,116.21
2022-12-16,Product_B,120.12
2022-12-17,Product_B,128.08
2022-12-18,Product_B,124.29
2022-12-19,Product_B,87.45
2022-12-20,Product_B,117.13
2022-12-21,Product_B,105.88
2022-12-22,Product_B,112.08
2022-12-23,Product_B,128.6
2022-12-24,Product_B,140.79
2022-12-25,Product_B,132.0
2022-12-26,Product_B,95.25
2022-12-27,Product_B,102.24
2022-12-28,Product_B,108.34
2022-12-29,Product_B,121.76
2022-12-30,Product_B,125.59
2022-12-31,Product_B,152.65
2023-01-01,Product_B,120.68
2023-01-02,Product_B,84.62
2023-01-03,Product_B,69.63
2023-01-04,Product_B,104.56
2023-01-05,Product_B,104.66
2023-01-06,Product_B,121.84
2023-01-07,Product_B,103.28
2023-01-08,Product_B,149.25
2023-01-09,Product_B,89.02
2023-01-10,Product_B,107.31
2023-01-11,Product_B,91.64
2023-01-12,Product_B,113.98
2023-01-13,Product_B,108.03
2023-01-14,Product_B,132.84
2023-01-15,Product_B,154.28
2023-01-16,Product_B,94.99
2023-01-17,Product_B,104.89
2023-01-18,Product_B,117.24
2023-01-19,Product_B,119.32
2023-01-20,Product_B,126.62
2023-01-21,Product_B,149.38
2023-01-22,Product_B,165.77
2023-01-23,Product_B,102.6
2023-01-24,Product_B,111.01
2023-01-25,Product_B,125.32
2023-01-26,Product_B,131.69
2023-01-27,Product_B,143.29
2023-01-28,Product_B,158.52
2023-01-29,Product_B,136.63
2023-01-30,Product_B,125.51
2023-01-31,Product_B,103.52
2023-02-01,Product_B,123.82
2023-02-02,Product_B,119.06
2023-02-03,Product_B,136.76
2023-02-04,Product_B,161.49
2023-02-05,Product_B,157.25
2023-02-06,Product_B,119.04
2023-02-07,Product_B,136.74
2023-02-08,Product_B,130.92
2023-02-09,Product_B,129.73
2023-02-10,Product_B,152.62
2023-02-11,Product_B,175.76
2023-02-12,Product_B,147.32
2023-02-13,Product_B,126.01
2023-02-14,Product_B,132.79
2023-02-15,Product_B,128.56
2023-02-16,Product_B,151.04
2023-02-17,Product_B,146.59
2023-02-18,Product_B,170.29
2023-02-19,Product_B,162.93
2023-02-20,Product_B,124.9
2023-02-21,Product_B,119.49
2023-02-22,Product_B,121.76
2023-02-23,Product_B,157.81
2023-02-24,Product_B,144.2
2023-02-25,Product_B,163.76
2023-02-26,Product_B,147.65
2023-02-27,Product_B,122.51
2023-02-28,Product_B,121.33
2023-03-01,Product_B,156.64
2023-03-02,Product_B,155.97
2023-03-03,Product_B,149.77
2023-03-04,Product_B,200.24
2023-03-05,Product_B,182.92
2023-03-06,Product_B,129.2
2023-03-07,Product_B,113.06
2023-03-08,Product_B,166.56
2023-03-09,Product_B,135.35
2023-03-10,Product_B,143.55
2023-03-11,Product_B,191.34
2023-03-12,Product_B,200.77
2023-03-13,Product_B,149.18
2023-03-14,Product_B,146.52
2023-03-15,Product_B,152.37
2023-03-16,Product_B,160.49
2023-03-17,Product_B,170.28
2023-03-18,Product_B,186.65
2023-03-19,Product_B,180.0
2023-03-20,Product_B,136.92
2023-03-21,Product_B,135.49
2023-03-22,Product_B,145.69
2023-03-23,Product_B,137.04
2023-03-24,Product_B,163.68
2023-03-25,Product_B,175.97
2023-03-26,Product_B,169.8
2023-03-27,Product_B,140.84
2023-03-28,Product_B,158.38
2023-03-29,Product_B,159.04
2023-03-30,Product_B,139.56
2023-03-31,Product_B,156.03
2023-04-01,Product_B,196.56
2023-04-02,Product_B,172.17
2023-04-03,Product_B,137.58
2023-04-04,Product_B,150.66
2023-04-05,Product_B,140.82
2023-04-06,Product_B,156.89
2023-04-07,Product_B,153.13
2023-04-08,Product_B,181.71
2023-04-09,Product_B,185.63
2023-04-10,Product_B,123.94
2023-04-11,Product_B,149.55
2023-04-12,Product_B,150.22
2023-04-13,Product_B,161.21
2023-04-14,Product_B,168.52
2023-04-15,Product_B,201.22
2023-04-16,Product_B,183.4
2023-04-17,Product_B,134.91
2023-04-18,Product_B,145.64
2023-04-19,Product_B,155.05
2023-04-20,Product_B,155.31
2023-04-21,Product_B,165.79
2023-04-22,Product_B,179.7
2023-04-23,Product_B,174.53
2023-04-24,Product_B,123.82
2023-04-25,Product_B,160.48
2023-04-26,Product_B,135.69
2023-04-27,Product_B,146.34
2023-04-28,Product_B,156.63
2023-04-29,Product_B,194.14
2023-04-30,Product_B,176.55
2023-05-01,Product_B,148.29
2023-05-02,Product_B,134.16
2023-05-03,Product_B,148.77
2023-05-04,Product_B,142.71
2023-05-05,Product_B,183.04
2023-05-06,Product_B,171.14
2023-05-07,Product_B,180.3
2023-05-08,Product_B,139.48
2023-05-09,Product_B,142.32
2023-05-10,Product_B,141.36
2023-05-11,Product_B,146.95
2023-05-12,Product_B,159.19
2023-05-13,Product_B,178.77
2023-05-14,Product_B,183.95
2023-05-15,Product_B,152.0
2023-05-16,Product_B,129.31
2023-05-17,Product_B,126.18
2023-05-18,Product_B,143.98
2023-05-19,Product_B,181.17
2023-05-20,Product_B,168.89
2023-05-21,Product_B,187.27
2023-05-22,Product_B,142.89
2023-05-23,Product_B,125.53
2023-05-24,Product_B,141.71
2023-05-25,Product_B,157.27
2023-05-26,Product_B,147.7
2023-05-27,Product_B,171.08
2023-05-28,Product_B,161.16
2023-05-29,Product_B,111.72
2023-05-30,Product_B,120.3
2023-05-31,Product_B,119.49
2023-06-01,Product_B,137.0
2023-06-02,Product_B,139.48
2023-06-03,Product_B,171.24
2023-06-04,Product_B,147.11
2023-06-05,Product_B,120.53
2023-06-06,Product_B,130.48
2023-06-07,Product_B,107.12
2023-06-08,Product_B,135.72
2023-06-09,Product_B,154.8
2023-06-10,Product_B,152.24
2023-06-11,Product_B,174.76
2023-06-12,Product_B,116.46
2023-06-13,Product_B,110.13
2023-06-14,Product_B,121.53
2023-06-15,Product_B,132.59
2023-06-16,Product_B,138.35
2023-06-17,Product_B,164.9
2023-06-18,Product_B,143.93
2023-06-19,Product_B,108.76
2023-06-20,Product_B,97.85
2023-06-21,Product_B,115.8
2023-06-22,Product_B,112.8
2023-06-23,Product_B,125.11
2023-06-24,Product_B,166.87
2023-06-25,Product_B,159.0
2023-06-26,Product_B,107.8
2023-06-27,Product_B,95.73
2023-06-28,Product_B,108.43
2023-06-29,Product_B,128.68
2023-06-30,Product_B,128.66
2023-07-01,Product_B,172.6
2023-07-02,Product_B,146.88
2023-07-03,Product_B,98.21
2023-07-04,Product_B,98.17
2023-07-05,Product_B,107.57
2023-07-06,Product_B,109.71
2023-07-07,Product_B,129.07
2023-07-08,Product_B,153.87
2023-07-09,Product_B,129.95
2023-07-10,Product_B,77.57
2023-07-11,Product_B,77.54
2023-07-12,Product_B,106.01
2023-07-13,Product_B,94.93
2023-07-14,Product_B,95.29
2023-07-15,Product_B,143.17
2023-07-16,Product_B,157.7
2023-07-17,Product_B,85.53
2023-07-18,Product_B,99.04
2023-07-19,Product_B,96.56
2023-07-20,Product_B,99.86
2023-07-21,Product_B,120.98
2023-07-22,Product_B,131.53
2023-07-23,Product_B,130.59
2023-07-24,Product_B,83.7
2023-07-25,Product_B,78.94
2023-07-26,Product_B,100.7
2023-07-27,Product_B,94.2
2023-07-28,Product_B,99.45
2023-07-29,Product_B,135.19
2023-07-30,Product_B,114.33
2023-07-31,Product_B,75.93
2023-08-01,Product_B,80.78
2023-08-02,Product_B,96.97
2023-08-03,Product_B,96.11
2023-08-04,Product_B,102.29
2023-08-05,Product_B,133.73
2023-08-06,Product_B,132.96
2023-08-07,Product_B,76.74
2023-08-08,Product_B,76.58
2023-08-09,Product_B,68.69
2023-08-10,Product_B,76.51
2023-08-11,Product_B,95.42
2023-08-12,Product_B,115.59
2023-08-13,Product_B,113.35
2023-08-14,Product_B,67.68
2023-08-15,Product_B,77.82
2023-08-16,Product_B,77.26
2023-08-17,Product_B,88.28
2023-08-18,Product_B,95.51
2023-08-19,Product_B,98.53
2023-08-20,Product_B,102.47
2023-08-21,Product_B,62.11
2023-08-22,Product_B,56.98
2023-08-23,Product_B,80.62
2023-08-24,Product_B,95.5
2023-08-25,Product_B,103.97
2023-08-26,Product_B,113.3
2023-08-27,Product_B,123.96
2023-08-28,Product_B,62.03
2023-08-29,Product_B,62.82
2023-08-30,Product_B,65.72
2023-08-31,Product_B,74.52
2023-09-01,Product_B,85.41
2023-09-02,Product_B,114.87
2023-09-03,Product_B,108.45
2023-09-04,Product_B,58.17
2023-09-05,Product_B,68.28
2023-09-06,Product_B,81.61
2023-09-07,Product_B,85.02
2023-09-08,Product_B,72.59
2023-09-09,Product_B,86.0
2023-09-10,Product_B,114.62
2023-09-11,Product_B,42.72
2023-09-12,Product_B,60.04
2023-09-13,Product_B,56.51
2023-09-14,Product_B,56.14
2023-09-15,Product_B,91.66
2023-09-16,Product_B,118.18
2023-09-17,Product_B,98.63
2023-09-18,Product_B,29.41
2023-09-19,Product_B,55.9
2023-09-20,Product_B,71.34
2023-09-21,Product_B,58.71
2023-09-22,Product_B,87.59
2023-09-23,Product_B,110.19
2023-09-24,Product_B,110.01
2023-09-25,Product_B,56.16
2023-09-26,Product_B,51.41
2023-09-27,Product_B,79.3
2023-09-28,Product_B,71.97
2023-09-29,Product_B,85.71
2023-09-30,Product_B,101.48
2023-10-01,Product_B,100.32
2023-10-02,Product_B,46.48
2023-10-03,Product_B,59.91
2023-10-04,Product_B,85.09
2023-10-05,Product_B,60.61
2023-10-06,Product_B,70.8
2023-10-07,Product_B,126.72
2023-10-08,Product_B,103.92
2023-10-09,Product_B,49.72
2023-10-10,Product_B,73.26
2023-10-11,Product_B,63.28
2023-10-12,Product_B,94.09
2023-10-13,Product_B,95.39
2023-10-14,Product_B,109.05
2023-10-15,Product_B,129.57
2023-10-16,Product_B,52.16
2023-10-17,Product_B,72.22
2023-10-18,Product_B,74.41
2023-10-19,Product_B,91.06
2023-10-20,Product_B,106.61
2023-10-21,Product_B,116.87
2023-10-22,Product_B,103.15
2023-10-23,Product_B,65.32
2023-10-24,Product_B,60.66
2023-10-25,Product_B,94.32
2023-10-26,Product_B,82.31
2023-10-27,Product_B,90.41
2023-10-28,Product_B,121.7
2023-10-29,Product_B,100.58
2023-10-30,Product_B,54.18
2023-10-31,Product_B,82.75
2023-11-01,Product_B,71.05
2023-11-02,Product_B,74.04
2023-11-03,Product_B,103.15
2023-11-04,Product_B,135.66
2023-11-05,Product_B,125.24
2023-11-06,Product_B,77.67
2023-11-07,Product_B,67.11
2023-11-08,Product_B,67.45
2023-11-09,Product_B,103.7
2023-11-10,Product_B,98.88
2023-11-11,Product_B,125.85
2023-11-12,Product_B,135.93
2023-11-13,Product_B,77.68
2023-11-14,Product_B,83.76
2023-11-15,Product_B,107.95
2023-11-16,Product_B,86.99
2023-11-17,Product_B,116.28
2023-11-18,Product_B,134.03
2023-11-19,Product_B,130.48
2023-11-20,Product_B,92.33
2023-11-21,Product_B,89.32
2023-11-22,Product_B,96.83
2023-11-23,Product_B,109.4
2023-11-24,Product_B,108.73
2023-11-25,Product_B,130.66
2023-11-26,Product_B,122.97
2023-11-27,Product_B,62.79
2023-11-28,Product_B,110.3
2023-11-29,Product_B,86.01
2023-11-30,Product_B,102.15
2023-12-01,Product_B,135.43
2023-12-02,Product_B,168.14
2023-12-03,Product_B,167.6
2023-12-04,Product_B,116.86
2023-12-05,Product_B,109.8
2023-12-06,Product_B,121.35
2023-12-07,Product_B,133.25
2023-12-08,Product_B,141.89
2023-12-09,Product_B,187.5
2023-12-10,Product_B,170.73
2023-12-11,Product_B,121.74
2023-12-12,Product_B,128.47
2023-12-13,Product_B,141.03
2023-12-14,Product_B,138.59
2023-12-15,Product_B,137.86
2023-12-16,Product_B,182.05
2023-12-17,Product_B,165.93
2023-12-18,Product_B,115.48
2023-12-19,Product_B,134.14
2023-12-20,Product_B,148.18
2023-12-21,Product_B,143.55
2023-12-22,Product_B,160.57
2023-12-23,Product_B,201.89
2023-12-24,Product_B,181.65
2023-12-25,Product_B,153.32
2023-12-26,Product_B,140.52
2023-12-27,Product_B,124.83
2023-12-28,Product_B,157.55
2023-12-29,Product_B,168.06
2023-12-30,Product_B,204.68
2023-12-31,Product_B,192.86
2022-01-01,Product_C,49.4
2022-01-02,Product_C,25.88
2022-01-03,Product_C,30.37
2022-01-04,Product_C,19.73
2022-01-05,Product_C,27.33
2022-01-06,Product_C,52.9
2022-01-07,Product_C,78.73
2022-01-08,Product_C,61.45
2022-01-09,Product_C,27.83
2022-01-10,Product_C,44.76
2022-01-11,Product_C,61.99
2022-01-12,Product_C,28.06
2022-01-13,Product_C,39.78
2022-01-14,Product_C,46.97
2022-01-15,Product_C,39.22
2022-01-16,Product_C,66.06
2022-01-17,Product_C,34.74
2022-01-18,Product_C,47.75
2022-01-19,Product_C,23.8
2022-01-20,Product_C,35.01
2022-01-21,Product_C,62.42
2022-01-22,Product_C,48.79
2022-01-23,Product_C,88.95
2022-01-24,Product_C,30.41
2022-01-25,Product_C,45.1
2022-01-26,Product_C,61.45
2022-01-27,Product_C,16.63
2022-01-28,Product_C,14.01
2022-01-29,Product_C,27.0
2022-01-30,Product_C,80.91
2022-01-31,Product_C,28.56
2022-02-01,Product_C,92.96
2022-02-02,Product_C,32.7
2022-02-03,Product_C,49.88
2022-02-04,Product_C,81.26
2022-02-05,Product_C,98.84
2022-02-06,Product_C,98.08
2022-02-07,Product_C,64.88
2022-02-08,Product_C,63.39
2022-02-09,Product_C,56.95
2022-02-10,Product_C,62.85
2022-02-11,Product_C,40.49
2022-02-12,Product_C,43.47
2022-02-13,Product_C,57.88
2022-02-14,Product_C,38.34
2022-02-15,Product_C,34.86
2022-02-16,Product_C,60.04
2022-02-17,Product_C,67.4
2022-02-18,Product_C,54.29
2022-02-19,Product_C,90.41
2022-02-20,Product_C,36.11
2022-02-21,Product_C,38.8
2022-02-22,Product_C,30.51
2022-02-23,Product_C,9.69
2022-02-24,Product_C,47.54
2022-02-25,Product_C,50.99
2022-02-26,Product_C,92.04
2022-02-27,Product_C,72.45
2022-02-28,Product_C,23.0
2022-03-01,Product_C,82.73
2022-03-02,Product_C,72.24
2022-03-03,Product_C,61.62
2022-03-04,Product_C,49.67
2022-03-05,Product_C,43.37
2022-03-06,Product_C,53.15
2022-03-07,Product_C,65.95
2022-03-08,Product_C,84.02
2022-03-09,Product_C,79.35
2022-03-10,Product_C,40.86
2022-03-11,Product_C,32.46
2022-03-12,Product_C,66.04
2022-03-13,Product_C,25.86
2022-03-14,Product_C,51.2
2022-03-15,Product_C,43.92
2022-03-16,Product_C,39.7
2022-03-17,Product_C,19.26
2022-03-18,Product_C,65.64
2022-03-19,Product_C,53.09
2022-03-20,Product_C,38.33
2022-03-21,Product_C,0.0
2022-03-22,Product_C,46.73
2022-03-23,Product_C,84.86
2022-03-24,Product_C,84.76
2022-03-25,Product_C,46.61
2022-03-26,Product_C,52.08
2022-03-27,Product_C,71.46
2022-03-28,Product_C,25.47
2022-03-29,Product_C,53.59
2022-03-30,Product_C,64.99
2022-03-31,Product_C,76.32
2022-04-01,Product_C,53.98
2022-04-02,Product_C,60.29
2022-04-03,Product_C,44.74
2022-04-04,Product_C,29.03
2022-04-05,Product_C,43.14
2022-04-06,Product_C,57.12
2022-04-07,Product_C,70.14
2022-04-08,Product_C,40.0
2022-04-09,Product_C,94.31
2022-04-10,Product_C,56.94
2022-04-11,Product_C,45.13
2022-04-12,Product_C,32.7
2022-04-13,Product_C,1.25
2022-04-14,Product_C,69.5
2022-04-15,Product_C,70.75
2022-04-16,Product_C,58.78
2022-04-17,Product_C,63.62
2022-04-18,Product_C,55.72
2022-04-19,Product_C,16.23
2022-04-20,Product_C,38.97
2022-04-21,Product_C,67.51
2022-04-22,Product_C,30.73
2022-04-23,Product_C,70.09
2022-04-24,Product_C,34.94
2022-04-25,Product_C,54.44
2022-04-26,Product_C,46.46
2022-04-27,Product_C,16.93
2022-04-28,Product_C,74.59
2022-04-29,Product_C,40.78
2022-04-30,Product_C,47.69
2022-05-01,Product_C,65.73
2022-05-02,Product_C,67.66
2022-05-03,Product_C,26.42
2022-05-04,Product_C,50.02
2022-05-05,Product_C,59.42
2022-05-06,Product_C,68.88
2022-05-07,Product_C,66.97
2022-05-08,Product_C,53.9
2022-05-09,Product_C,27.59
2022-05-10,Product_C,47.9
2022-05-11,Product_C,26.78
2022-05-12,Product_C,0.0
2022-05-13,Product_C,63.16
2022-05-14,Product_C,80.95
2022-05-15,Product_C,13.39
2022-05-16,Product_C,23.28
2022-05-17,Product_C,57.89
2022-05-18,Product_C,88.69
2022-05-19,Product_C,49.98
2022-05-20,Product_C,39.18
2022-05-21,Product_C,58.53
2022-05-22,Product_C,87.44
2022-05-23,Product_C,29.78
2022-05-24,Product_C,28.74
2022-05-25,Product_C,37.1
2022-05-26,Product_C,29.71
2022-05-27,Product_C,55.4
2022-05-28,Product_C,93.91
2022-05-29,Product_C,65.61
2022-05-30,Product_C,36.79
2022-05-31,Product_C,38.02
2022-06-01,Product_C,14.62
2022-06-02,Product_C,65.56
2022-06-03,Product_C,50.52
2022-06-04,Product_C,56.95
2022-06-05,Product_C,122.14
2022-06-06,Product_C,46.88
2022-06-07,Product_C,27.88
2022-06-08,Product_C,36.41
2022-06-09,Product_C,69.93
2022-06-10,Product_C,53.4
2022-06-11,Product_C,30.88
2022-06-12,Product_C,75.73
2022-06-13,Product_C,26.54
2022-06-14,Product_C,79.39
2022-06-15,Product_C,65.54
2022-06-16,Product_C,37.01
2022-06-17,Product_C,75.76
2022-06-18,Product_C,60.03
2022-06-19,Product_C,73.42
2022-06-20,Product_C,48.55
2022-06-21,Product_C,23.95
2022-06-22,Product_C,30.03
2022-06-23,Product_C,65.52
2022-06-24,Product_C,42.42
2022-06-25,Product_C,49.59
2022-06-26,Product_C,36.24
2022-06-27,Product_C,46.25
2022-06-28,Product_C,81.06
2022-06-29,Product_C,20.48
2022-06-30,Product_C,44.34
2022-07-01,Product_C,76.31
2022-07-02,Product_C,55.05
2022-07-03,Product_C,63.36
2022-07-04,Product_C,15.45
2022-07-05,Product_C,47.29
2022-07-06,Product_C,37.02
2022-07-07,Product_C,62.51
2022-07-08,Product_C,70.77
2022-07-09,Product_C,107.42
2022-07-10,Product_C,64.88
2022-07-11,Product_C,42.13
2022-07-12,Product_C,41.55
2022-07-13,Product_C,32.64
2022-07-14,Product_C,48.51
2022-07-15,Product_C,40.08
2022-07-16,Product_C,57.99
2022-07-17,Product_C,78.64
2022-07-18,Product_C,14.43
2022-07-19,Product_C,59.41
2022-07-20,Product_C,65.01
2022-07-21,Product_C,38.36
2022-07-22,Product_C,2.55
2022-07-23,Product_C,41.5
2022-07-24,Product_C,77.26
2022-07-25,Product_C,33.09
2022-07-26,Product_C,15.63
2022-07-27,Product_C,27.59
2022-07-28,Product_C,56.57
2022-07-29,Product_C,54.97
2022-07-30,Product_C,47.97
2022-07-31,Product_C,43.08
2022-08-01,Product_C,24.76
2022-08-02,Product_C,16.23
2022-08-03,Product_C,69.07
2022-08-04,Product_C,32.4
2022-08-05,Product_C,67.5
2022-08-06,Product_C,82.33
2022-08-07,Product_C,69.54
2022-08-08,Product_C,23.07
2022-08-09,Product_C,41.88
2022-08-10,Product_C,35.43
2022-08-11,Product_C,19.95
2022-08-12,Product_C,48.84
2022-08-13,Product_C,27.56
2022-08-14,Product_C,72.57
2022-08-15,Product_C,21.62
2022-08-16,Product_C,37.05
2022-08-17,Product_C,40.82
2022-08-18,Product_C,32.11
2022-08-19,Product_C,53.38
2022-08-20,Product_C,40.98
2022-08-21,Product_C,65.59
2022-08-22,Product_C,3.29
2022-08-23,Product_C,34.88
2022-08-24,Product_C,73.28
2022-08-25,Product_C,16.65
2022-08-26,Product_C,27.49
2022-08-27,Product_C,60.2
2022-08-28,Product_C,51.21
2022-08-29,Product_C,36.64
2022-08-30,Product_C,41.58
2022-08-31,Product_C,46.66
2022-09-01,Product_C,58.34
2022-09-02,Product_C,48.76
2022-09-03,Product_C,44.66
2022-09-04,Product_C,60.64
2022-09-05,Product_C,67.16
2022-09-06,Product_C,28.71
2022-09-07,Product_C,14.06
2022-09-08,Product_C,57.9
2022-09-09,Product_C,37.81
2022-09-10,Product_C,5.73
2022-09-11,Product_C,63.85
2022-09-12,Product_C,18.13
2022-09-13,Product_C,29.24
2022-09-14,Product_C,39.92
2022-09-15,Product_C,39.32
2022-09-16,Product_C,54.19
2022-09-17,Product_C,40.3
2022-09-18,Product_C,57.0
2022-09-19,Product_C,23.45
2022-09-20,Product_C,45.66
2022-09-21,Product_C,45.44
2022-09-22,Product_C,16.68
2022-09-23,Product_C,61.64
2022-09-24,Product_C,38.26
2022-09-25,Product_C,62.89
2022-09-26,Product_C,35.94
2022-09-27,Product_C,67.63
2022-09-28,Product_C,28.67
2022-09-29,Product_C,28.44
2022-09-30,Product_C,39.6
2022-10-01,Product_C,43.03
2022-10-02,Product_C,62.85
2022-10-03,Product_C,0.0
2022-10-04,Product_C,9.91
2022-10-05,Product_C,11.93
2022-10-06,Product_C,54.61
2022-10-07,Product_C,74.41
2022-10-08,Product_C,47.27
2022-10-09,Product_C,43.75
2022-10-10,Product_C,30.32
2022-10-11,Product_C,54.49
2022-10-12,Product_C,15.04
2022-10-13,Product_C,40.69
2022-10-14,Product_C,60.05
2022-10-15,Product_C,59.78
2022-10-16,Product_C,51.33
2022-10-17,Product_C,49.32
2022-10-18,Product_C,0.0
2022-10-19,Product_C,47.58
2022-10-20,Product_C,23.3
2022-10-21,Product_C,4.43
2022-10-22,Product_C,60.53
2022-10-23,Product_C,75.57
2022-10-24,Product_C,27.07
2022-10-25,Product_C,51.26
2022-10-26,Product_C,66.84
2022-10-27,Product_C,63.28
2022-10-28,Product_C,74.48
2022-10-29,Product_C,65.83
2022-10-30,Product_C,50.3
2022-10-31,Product_C,0.0
2022-11-01,Product_C,27.96
2022-11-02,Product_C,18.43
2022-11-03,Product_C,81.13
2022-11-04,Product_C,38.92
2022-11-05,Product_C,54.26
2022-11-06,Product_C,60.64
2022-11-07,Product_C,32.13
2022-11-08,Product_C,67.59
2022-11-09,Product_C,23.67
2022-11-10,Product_C,42.46
2022-11-11,Product_C,28.48
2022-11-12,Product_C,26.32
2022-11-13,Product_C,38.31
2022-11-14,Product_C,31.41
2022-11-15,Product_C,26.02
2022-11-16,Product_C,23.22
2022-11-17,Product_C,11.4
2022-11-18,Product_C,42.66
2022-11-19,Product_C,23.66
2022-11-20,Product_C,66.79
2022-11-21,Product_C,34.8
2022-11-22,Product_C,6.48
2022-11-23,Product_C,31.93
2022-11-24,Product_C,25.55
2022-11-25,Product_C,51.79
2022-11-26,Product_C,81.7
2022-11-27,Product_C,15.22
2022-11-28,Product_C,36.55
2022-11-29,Product_C,33.54
2022-11-30,Product_C,52.67
2022-12-01,Product_C,66.01
2022-12-02,Product_C,51.54
2022-12-03,Product_C,69.72
2022-12-04,Product_C,58.02
2022-12-05,Product_C,76.94
2022-12-06,Product_C,58.36
2022-12-07,Product_C,98.47
2022-12-08,Product_C,61.75
2022-12-09,Product_C,53.66
2022-12-10,Product_C,47.11
2022-12-11,Product_C,39.16
2022-12-12,Product_C,24.97
2022-12-13,Product_C,64.52
2022-12-14,Product_C,71.88
2022-12-15,Product_C,32.62
2022-12-16,Product_C,87.03
2022-12-17,Product_C,69.05
2022-12-18,Product_C,79.49
2022-12-19,Product_C,90.18
2022-12-20,Product_C,78.41
2022-12-21,Product_C,57.64
2022-12-22,Product_C,47.73
2022-12-23,Product_C,27.42
2022-12-24,Product_C,65.7
2022-12-25,Product_C,73.7
2022-12-26,Product_C,39.5
2022-12-27,Product_C,59.17
2022-12-28,Product_C,65.88
2022-12-29,Product_C,62.4
2022-12-30,Product_C,58.81
2022-12-31,Product_C,84.84
2023-01-01,Product_C,68.14
2023-01-02,Product_C,18.76
2023-01-03,Product_C,71.34
2023-01-04,Product_C,43.71
2023-01-05,Product_C,48.62
2023-01-06,Product_C,67.34
2023-01-07,Product_C,67.51
2023-01-08,Product_C,79.74
2023-01-09,Product_C,47.63
2023-01-10,Product_C,32.2
2023-01-11,Product_C,54.24
2023-01-12,Product_C,26.7
2023-01-13,Product_C,56.68
2023-01-14,Product_C,63.55
2023-01-15,Product_C,57.87
2023-01-16,Product_C,40.61
2023-01-17,Product_C,8.11
2023-01-18,Product_C,37.33
2023-01-19,Product_C,52.73
2023-01-20,Product_C,59.02
2023-01-21,Product_C,44.99
2023-01-22,Product_C,88.66
2023-01-23,Product_C,27.11
2023-01-24,Product_C,66.39
2023-01-25,Product_C,58.11
2023-01-26,Product_C,39.2
2023-01-27,Product_C,92.59
2023-01-28,Product_C,42.95
2023-01-29,Product_C,83.0
2023-01-30,Product_C,65.65
2023-01-31,Product_C,34.78
2023-02-01,Product_C,78.61
2023-02-02,Product_C,48.32
2023-02-03,Product_C,64.05
2023-02-04,Product_C,73.25
2023-02-05,Product_C,63.12
2023-02-06,Product_C,62.98
2023-02-07,Product_C,65.19
2023-02-08,Product_C,16.91
2023-02-09,Product_C,80.52
2023-02-10,Product_C,26.15
2023-02-11,Product_C,89.82
2023-02-12,Product_C,89.45
2023-02-13,Product_C,25.99
2023-02-14,Product_C,42.14
2023-02-15,Product_C,30.79
2023-02-16,Product_C,51.16
2023-02-17,Product_C,54.26
2023-02-18,Product_C,85.8
2023-02-19,Product_C,94.14
2023-02-20,Product_C,76.66
2023-02-21,Product_C,40.05
2023-02-22,Product_C,49.65
2023-02-23,Product_C,22.7
2023-02-24,Product_C,45.22
2023-02-25,Product_C,90.43
2023-02-26,Product_C,101.15
2023-02-27,Product_C,24.89
2023-02-28,Product_C,40.26
2023-03-01,Product_C,54.12
2023-03-02,Product_C,62.78
2023-03-03,Product_C,45.94
2023-03-04,Product_C,80.42
2023-03-05,Product_C,60.14
2023-03-06,Product_C,50.0
2023-03-07,Product_C,63.74
2023-03-08,Product_C,55.46
2023-03-09,Product_C,49.12
2023-03-10,Product_C,60.61
2023-03-11,Product_C,70.86
2023-03-12,Product_C,62.87
2023-03-13,Product_C,45.69
2023-03-14,Product_C,85.35
2023-03-15,Product_C,67.1
2023-03-16,Product_C,52.48
2023-03-17,Product_C,77.28
2023-03-18,Product_C,66.49
2023-03-19,Product_C,94.25
2023-03-20,Product_C,58.7
2023-03-21,Product_C,51.66
2023-03-22,Product_C,65.25
2023-03-23,Product_C,27.38
2023-03-24,Product_C,41.2
2023-03-25,Product_C,49.69
2023-03-26,Product_C,74.03
2023-03-27,Product_C,86.26
2023-03-28,Product_C,98.72
2023-03-29,Product_C,69.33
2023-03-30,Product_C,69.07
2023-03-31,Product_C,27.96
2023-04-01,Product_C,62.98
2023-04-02,Product_C,55.64
2023-04-03,Product_C,39.35
2023-04-04,Product_C,50.87
2023-04-05,Product_C,47.26
2023-04-06,Product_C,19.58
2023-04-07,Product_C,79.05
2023-04-08,Product_C,52.49
2023-04-09,Product_C,76.27
2023-04-10,Product_C,93.26
2023-04-11,Product_C,35.84
2023-04-12,Product_C,6.08
2023-04-13,Product_C,53.42
2023-04-14,Product_C,86.08
2023-04-15,Product_C,113.08
2023-04-16,Product_C,46.84
2023-04-17,Product_C,61.58
2023-04-18,Product_C,44.78
2023-04-19,Product_C,54.4
2023-04-20,Product_C,111.85
2023-04-21,Product_C,33.82
2023-04-22,Product_C,78.82
2023-04-23,Product_C,80.59
2023-04-24,Product_C,73.08
2023-04-25,Product_C,55.76
2023-04-26,Product_C,62.39
2023-04-27,Product_C,50.82
2023-04-28,Product_C,68.94
2023-04-29,Product_C,66.57
2023-04-30,Product_C,83.33
2023-05-01,Product_C,43.57
2023-05-02,Product_C,60.92
2023-05-03,Product_C,55.21
2023-05-04,Product_C,80.73
2023-05-05,Product_C,62.09
2023-05-06,Product_C,37.54
2023-05-07,Product_C,95.68
2023-05-08,Product_C,32.31
2023-05-09,Product_C,39.76
2023-05-10,Product_C,43.33
2023-05-11,Product_C,85.14
2023-05-12,Product_C,19.84
2023-05-13,Product_C,135.2
2023-05-14,Product_C,90.98
2023-05-15,Product_C,54.24
2023-05-16,Product_C,51.08
2023-05-17,Product_C,60.29
2023-05-18,Product_C,67.4
2023-05-19,Product_C,74.78
2023-05-20,Product_C,82.9
2023-05-21,Product_C,70.97
2023-05-22,Product_C,45.08
2023-05-23,Product_C,48.39
2023-05-24,Product_C,49.91
2023-05-25,Product_C,78.87
2023-05-26,Product_C,72.97
2023-05-27,Product_C,12.22
2023-05-28,Product_C,81.51
2023-05-29,Product_C,52.07
2023-05-30,Product_C,50.19
2023-05-31,Product_C,45.18
2023-06-01,Product_C,77.81
2023-06-02,Product_C,79.19
2023-06-03,Product_C,54.72
2023-06-04,Product_C,75.68
2023-06-05,Product_C,27.81
2023-06-06,Product_C,22.04
2023-06-07,Product_C,39.48
2023-06-08,Product_C,71.64
2023-06-09,Product_C,78.37
2023-06-10,Product_C,79.53
2023-06-11,Product_C,81.11
2023-06-12,Product_C,56.58
2023-06-13,Product_C,35.81
2023-06-14,Product_C,59.66
2023-06-15,Product_C,69.41
2023-06-16,Product_C,73.4
2023-06-17,Product_C,92.08
2023-06-18,Product_C,79.79
2023-06-19,Product_C,52.24
2023-06-20,Product_C,69.0
2023-06-21,Product_C,49.45
2023-06-22,Product_C,34.73
2023-06-23,Product_C,54.03
2023-06-24,Product_C,52.4
2023-06-25,Product_C,51.11
2023-06-26,Product_C,41.25
2023-06-27,Product_C,30.68
2023-06-28,Product_C,42.76
2023-06-29,Product_C,13.44
2023-06-30,Product_C,60.51
2023-07-01,Product_C,66.31
2023-07-02,Product_C,47.25
2023-07-03,Product_C,56.24
2023-07-04,Product_C,64.2
2023-07-05,Product_C,15.7
2023-07-06,Product_C,34.99
2023-07-07,Product_C,39.82
2023-07-08,Product_C,46.46
2023-07-09,Product_C,79.15
2023-07-10,Product_C,38.1
2023-07-11,Product_C,39.09
2023-07-12,Product_C,6.71
2023-07-13,Product_C,61.9
2023-07-14,Product_C,29.38
2023-07-15,Product_C,65.46
2023-07-16,Product_C,67.1
2023-07-17,Product_C,68.13
2023-07-18,Product_C,17.16
2023-07-19,Product_C,0.0
2023-07-20,Product_C,51.85
2023-07-21,Product_C,89.17
2023-07-22,Product_C,88.06
2023-07-23,Product_C,64.78
2023-07-24,Product_C,30.06
2023-07-25,Product_C,58.47
2023-07-26,Product_C,25.28
2023-07-27,Product_C,56.72
2023-07-28,Product_C,62.31
2023-07-29,Product_C,83.57
2023-07-30,Product_C,114.86
2023-07-31,Product_C,46.78
2023-08-01,Product_C,31.19
2023-08-02,Product_C,43.31
2023-08-03,Product_C,10.89
2023-08-04,Product_C,37.41
2023-08-05,Product_C,53.32
2023-08-06,Product_C,48.33
2023-08-07,Product_C,41.08
2023-08-08,Product_C,24.05
2023-08-09,Product_C,65.38
2023-08-10,Product_C,45.44
2023-08-11,Product_C,50.31
2023-08-12,Product_C,54.18
2023-08-13,Product_C,61.15
2023-08-14,Product_C,53.72
2023-08-15,Product_C,22.36
2023-08-16,Product_C,29.03
2023-08-17,Product_C,38.61
2023-08-18,Product_C,22.86
2023-08-19,Product_C,43.67
2023-08-20,Product_C,47.85
2023-08-21,Product_C,54.0
2023-08-22,Product_C,44.27
2023-08-23,Product_C,45.4
2023-08-24,Product_C,61.06
2023-08-25,Product_C,46.41
2023-08-26,Product_C,67.3
2023-08-27,Product_C,54.75
2023-08-28,Product_C,41.22
2023-08-29,Product_C,26.78
2023-08-30,Product_C,0.0
2023-08-31,Product_C,40.82
2023-09-01,Product_C,77.11
2023-09-02,Product_C,77.56
2023-09-03,Product_C,75.68
2023-09-04,Product_C,60.15
2023-09-05,Product_C,39.76
2023-09-06,Product_C,44.49
2023-09-07,Product_C,30.75
2023-09-08,Product_C,41.97
2023-09-09,Product_C,71.02
2023-09-10,Product_C,80.13
2023-09-11,Product_C,32.29
2023-09-12,Product_C,28.65
2023-09-13,Product_C,40.25
2023-09-14,Product_C,54.86
2023-09-15,Product_C,19.17
2023-09-16,Product_C,12.6
2023-09-17,Product_C,44.87
2023-09-18,Product_C,10.45
2023-09-19,Product_C,27.31
2023-09-20,Product_C,37.13
2023-09-21,Product_C,33.64
2023-09-22,Product_C,77.0
2023-09-23,Product_C,65.0
2023-09-24,Product_C,61.85
2023-09-25,Product_C,47.24
2023-09-26,Product_C,14.65
2023-09-27,Product_C,60.85
2023-09-28,Product_C,41.2
2023-09-29,Product_C,61.41
2023-09-30,Product_C,37.13
2023-10-01,Product_C,24.87
2023-10-02,Product_C,51.22
2023-10-03,Product_C,45.06
2023-10-04,Product_C,22.15
2023-10-05,Product_C,25.47
2023-10-06,Product_C,70.7
2023-10-07,Product_C,35.01
2023-10-08,Product_C,89.06
2023-10-09,Product_C,17.07
2023-10-10,Product_C,50.54
2023-10-11,Product_C,33.89
2023-10-12,Product_C,55.23
2023-10-13,Product_C,37.64
2023-10-14,Product_C,55.93
2023-10-15,Product_C,57.42
2023-10-16,Product_C,15.4
2023-10-17,Product_C,52.98
2023-10-18,Product_C,30.62
2023-10-19,Product_C,39.04
2023-10-20,Product_C,29.11
2023-10-21,Product_C,8.46
2023-10-22,Product_C,53.32
2023-10-23,Product_C,84.2
2023-10-24,Product_C,54.38
2023-10-25,Product_C,41.05
2023-10-26,Product_C,38.93
2023-10-27,Product_C,50.06
2023-10-28,Product_C,71.31
2023-10-29,Product_C,34.19
2023-10-30,Product_C,58.87
2023-10-31,Product_C,53.66
2023-11-01,Product_C,56.49
2023-11-02,Product_C,53.67
2023-11-03,Product_C,50.75
2023-11-04,Product_C,74.62
2023-11-05,Product_C,70.45
2023-11-06,Product_C,30.26
2023-11-07,Product_C,28.66
2023-11-08,Product_C,44.97
2023-11-09,Product_C,76.72
2023-11-10,Product_C,26.44
2023-11-11,Product_C,32.72
2023-11-12,Product_C,62.83
2023-11-13,Product_C,39.24
2023-11-14,Product_C,44.51
2023-11-15,Product_C,48.74
2023-11-16,Product_C,42.22
2023-11-17,Product_C,82.0
2023-11-18,Product_C,31.07
2023-11-19,Product_C,43.99
2023-11-20,Product_C,37.14
2023-11-21,Product_C,9.18
2023-11-22,Product_C,41.37
2023-11-23,Product_C,80.96
2023-11-24,Product_C,53.69
2023-11-25,Product_C,68.82
2023-11-26,Product_C,36.48
2023-11-27,Product_C,27.96
2023-11-28,Product_C,35.64
2023-11-29,Product_C,39.65
2023-11-30,Product_C,74.51
2023-12-01,Product_C,85.59
2023-12-02,Product_C,63.18
2023-12-03,Product_C,87.82
2023-12-04,Product_C,71.42
2023-12-05,Product_C,87.13
2023-12-06,Product_C,98.81
2023-12-07,Product_C,49.78
2023-12-08,Product_C,59.46
2023-12-09,Product_C,61.53
2023-12-10,Product_C,79.48
2023-12-11,Product_C,72.0
2023-12-12,Product_C,85.31
2023-12-13,Product_C,66.94
2023-12-14,Product_C,64.96
2023-12-15,Product_C,80.0
2023-12-16,Product_C,71.31
2023-12-17,Product_C,127.28
2023-12-18,Product_C,31.8
2023-12-19,Product_C,70.55
2023-12-20,Product_C,110.23
2023-12-21,Product_C,72.8
2023-12-22,Product_C,74.5
2023-12-23,Product_C,82.22
2023-12-24,Product_C,83.24
2023-12-25,Product_C,92.72
2023-12-26,Product_C,23.94
2023-12-27,Product_C,101.76
2023-12-28,Product_C,45.52
2023-12-29,Product_C,74.32
2023-12-30,Product_C,82.17
2023-12-31,Product_C,100.0
